r,J
-0.018743891229990255,167.19220771452845
-0.018618995737005553,166.02605989175836
-0.018494100244020848,164.8712036257967
-0.018369204751036143,163.72754874492043
-0.01824430925805144,162.59500305826825
-0.01811941376506674,161.47347253027488
-0.017994518272082035,160.3628614548919
-0.01786962277909733,159.2630726283195
-0.01774472728611263,158.17400751908235
-0.017619831793127927,157.09556643440266
-0.017494936300143222,156.0276486819469
-0.017370040807158517,154.97015272614712
-0.017245145314173815,153.92297633842247
-0.01712024982118911,152.88601674075306
-0.016995354328204405,151.85917074217326
-0.016870458835219704,150.84233486786982
-0.016745563342235,149.8354054806745
-0.016620667849250294,148.83827889484354
-0.016495772356265592,147.85085148210624
-0.016370876863280887,146.87301977004807
-0.016245981370296182,145.9046805329694
-0.01612108587731148,144.94573087542236
-0.015996190384326776,143.99606830868385
-0.01587129489134207,143.05559082047006
-0.01574639939835737,142.12419693823017
-0.015621503905372666,141.2017857863841
-0.015496608412387963,140.28825713788814
-0.01537171291940326,139.38351146051747
-0.015246817426418556,138.48744995825666
-0.015121921933433853,137.59997460818215
-0.01499702644044915,136.72098819320416
-0.014872130947464446,135.8503943310171
-0.014747235454479743,134.98809749958215
-0.01462233996149504,134.13400305943458
-0.014497444468510336,133.28801727308016
-0.014372548975525633,132.45004732170992
-0.01424765348254093,131.6200013194318
-0.014122757989556227,130.79778832518542
-0.013997862496571523,129.9833183524822
-0.013872967003586818,129.1765023770854
-0.013748071510602115,128.37725234273015
-0.013623176017617412,127.58548116496921
-0.013498280524632707,126.80110273322498
-0.013373385031648003,126.02403191112909
-0.0132484895386633,125.2541845352352
-0.013123594045678597,124.49147741220585
-0.012998698552693894,123.73582831458583
-0.01287380305970919,122.98715597529736
-0.012748907566724487,122.24538008100996
-0.012624012073739784,121.51042126455904
-0.01249911658075508,120.7822010966048
-0.012374221087770377,120.06064207673697
-0.012249325594785674,119.34566762423852
-0.01212443010180097,118.63720206872325
-0.011999534608816267,117.93517064085657
-0.011874639115831562,117.23949946335082
-0.01174974362284686,116.5501155424058
-0.011624848129862156,115.86694675973088
-0.011499952636877451,115.18992186524598
-0.011375057143892748,114.51897047051452
-0.011250161650908044,113.85402304291033
-0.011125266157923341,113.19501090047059
-0.011000370664938638,112.54186620733614
-0.010875475171953934,111.89452196963391
-0.010750579678969231,111.25291203161366
-0.010625684185984528,110.6169710718202
-0.010500788692999825,109.98663459905954
-0.010375893200015121,109.36183894790571
-0.010250997707030418,108.74252127349999
-0.010126102214045715,108.12861954541047
-0.010001206721061012,107.52007254034866
-0.009876311228076307,106.91681983358434
-0.009751415735091603,106.31880178895295
-0.0096265202421069,105.72595954741134
-0.009501624749122195,105.13823501416634
-0.009376729256137492,104.55557084447196
-0.009251833763152788,103.97791042826056
-0.009126938270168085,103.40519787383872
-0.009002042777183382,102.83737799093734
-0.008877147284198679,102.27439627345285
-0.008752251791213975,101.71619888224862
-0.008627356298229272,101.1627326284053
-0.008502460805244569,100.61394495730727
-0.008377565312259866,100.06978393393717
-0.008252669819275162,99.53019822971319
-0.008127774326290459,98.99513711115371
-0.008002878833305756,98.46455043058656
-0.00787798334032105,97.93838861904173
-0.0077530878473363474,97.41660268137834
-0.007628192354351644,96.89914419360402
-0.007503296861366941,96.38596530225095
-0.007378401368382238,95.877018725582
-0.0072535058753975335,95.37225775631589
-0.007128610382412829,94.8716362654888
-0.007003714889428126,94.3751087070111
-0.006878819396443423,93.88263012243735
-0.0067539239034587195,93.39415614544725
-0.006629028410474016,92.90964300553443
-0.006504132917489313,92.42904753042188
-0.00637923742450461,91.95232714676393
-0.0062543419315199055,91.47943987875759
-0.006129446438535201,91.01034434436254
-0.006004550945550498,90.54499974892283
-0.005879655452565795,90.08336587608675
-0.005754759959581092,89.62540307602852
-0.005629864466596388,89.17107225108826
-0.005504968973611685,88.72033483905429
-0.005380073480626982,88.27315279441304
-0.005255177987642278,87.82948856798157
-0.0051302824946575735,87.38930508541227
-0.00500538700167287,86.95256572511734
-0.004880491508688167,86.51923429619437
-0.004755596015703464,86.08927501694987
-0.00463070052271876,85.66265249460962
-0.004505805029734057,85.23933170676904
-0.004380909536749354,84.81927798508914
-0.00425601404376465,84.40245700166615
-0.0041311185507799456,83.98883475841625
-0.004006223057795242,83.57837757971156
-0.003881327564810539,83.17105210839286
-0.0037564320718258357,82.76682530516337
-0.0036315365788411325,82.36566445125162
-0.0035066410858564287,81.9675371541125
-0.003381745592871725,81.57241135582926
-0.0032568500998870218,81.18025534378135
-0.0031319546069023185,80.79103776306191
-0.003007059113917615,80.40472763006471
-0.002882163620932911,80.02129434661714
-0.002757268127948208,79.64070771401475
-0.0026323726349635045,79.26293794631364
-0.0025074771419788013,78.88795568225908
-0.002382581648994098,78.51573199527664
-0.0022576861560093947,78.14623840101265
-0.0021327906630246914,77.77944686199584
-0.002007895170039988,77.4153297890873
-0.0018829996770552849,77.05386003949309
-0.0017581041840705816,76.6950109112289
-0.001633208691085878,76.33875613404525
-0.0015083131981011742,75.98506985693767
-0.0013834177051164705,75.63392663248041
-0.0012585222121317668,75.28530139832752
-0.001133626719147063,74.93916945631665
-0.0010087312261623594,74.59550644969067
-0.0008838357331776557,74.25428833901324
-0.000758940240192952,73.9154913773977
-0.0006340447472082482,73.57909208568984
-0.0005091492542235445,73.24506722824887
-0.0003842537612388408,72.91339378995227
-0.0002593582682541371,72.5840489550117
-0.0001344627752694334,72.25701008813311
-9.567282284729701e-06,71.93225471848085
0.000115328210699974,71.60976052682207
0.00024022370368467771,71.28950533613023
0.000365119196669381,70.97146710582389
0.0004900146896540843,70.65562392970901
0.0006149101826387875,70.34195403758392
0.0007398056756234908,70.03043580036005
0.0008647011686081941,69.7210477384502
0.0009895966615928974,69.41376853308455
0.0011144921545776006,69.10857704013215
0.001239387647562304,68.8054523059388
0.0013642831405470072,68.50437358463836
0.0014891786335317105,68.20532035635891
0.0016140741265164137,67.90827234572451
0.001738969619501117,67.61320954005264
0.0018638651124858203,67.32011220666102
0.0019887606054705236,67.02896090873
0.002113656098455227,66.73973651921237
0.00223855159143993,66.45242023234275
0.002363447084424634,66.16699357237032
0.0024883425774093375,65.88343839921893
0.0026132380703940412,65.60173691086737
0.002738133563378745,65.32187164233335
0.0028630290563634486,65.04382546123902
0.0029879245493481523,64.76758156002892
0.003112820042332856,64.49312344499977
0.0032377155353175598,64.22043492238544
0.0033626110283022635,63.94950008181558
0.003487506521286967,63.68030327753335
0.003612402014271671,63.412829107809806
0.0037372975072563746,63.14706239303703
0.0038621930002410783,62.882988153008746
0.003987088493225782,62.620591583912436
0.004111983986210486,62.35985803555815
0.004236879479195189,62.1007729893561
0.004361774972179893,61.84332203752956
0.004486670465164596,61.587490864011585
0.004611565958149299,61.33326522742719
0.0047364614511340025,61.08063094650272
0.004861356944118706,60.8295738881818
0.004986252437103409,60.580079958654515
0.005111147930088112,60.332135097433756
0.005236043423072816,60.08572527453508
0.005360938916057519,59.84083649074219
0.005485834409042222,59.59745478086505
0.0056107299020269254,59.35556621982826
0.005735625395011629,59.11515693136383
0.005860520887996332,58.87621309902293
0.005985416380981035,58.6387209791746
0.0061103118739657385,58.40266691561675
0.006235207366950442,58.16803735539638
0.006360102859935145,57.93481886541415
0.006484998352919849,57.70299814938043
0.006609893845904553,57.47256206468926
0.006734789338889257,57.24349763878807
0.00685968483187396,57.015792084641575
0.006984580324858664,56.78943281491632
0.007109475817843368,56.56440745454984
0.0072343713108280715,56.34070385141212
0.007359266803812775,56.11831008481522
0.007484162296797479,55.897214471681174
0.007609057789782183,55.67740557023387
0.007733953282766886,55.458872181139476
0.00785884877575159,55.24160334607632
0.007983744268736295,55.02558834377427
0.008108639761720998,54.8108166836174
0.008233535254705701,54.597278096954476
0.008358430747690404,54.38496252631059
0.008483326240675108,54.17386011273331
0.008608221733659811,53.96396118154327
0.008733117226644514,53.75525622678687
0.008858012719629218,53.54773589471273
0.00898290821261392,53.341390966605026
0.009107803705598624,53.13621234131625
0.009232699198583327,52.93219101783993
0.00935759469156803,52.72931807825661
0.009482490184552734,52.52758467137164
0.009607385677537437,52.32698199734227
0.00973228117052214,52.1275012935647
0.009857176663506844,51.92913382206026
0.009982072156491547,51.73187085856368
0.01010696764947625,51.53570368347699
0.010231863142460954,51.34062357481136
0.010356758635445657,51.14662180319578
0.01048165412843036,50.95368962898797
0.010606549621415065,50.7618183014799
0.010731445114399768,50.57099906014879
0.010856340607384472,50.38122313786454
0.010981236100369177,50.19248176592816
0.01110613159335388,50.00476618078341
0.011231027086338583,49.8180676322143
0.011355922579323286,49.6323773928172
0.01148081807230799,49.44768676851818
0.011605713565292695,49.263987109890806
0.011730609058277398,49.08126982402174
0.011855504551262101,48.89952638666813
0.011980400044246806,48.71874835445232
0.01210529553723151,48.53892737684531
0.012230191030216213,48.360055207702274
0.012355086523200916,48.182123716128416
0.01247998201618562,48.00512489647156
0.012604877509170323,47.82905087726088
0.012729773002155026,47.65389392893517
0.01285466849513973,47.47964647023058
0.012979563988124432,47.30630107312636
0.013104459481109136,47.13385046627611
0.013229354974093839,46.96228753688073
0.013354250467078542,46.791605330989604
0.013479145960063246,46.621797052244325
0.013604041453047949,46.45285605910709
0.013728936946032652,46.28477586064111
0.013853832439017355,46.11755011093568
0.013978727932002059,45.95117260228855
0.014103623424986762,45.78563725727836
0.014228518917971465,45.62093811987595
0.014353414410956169,45.45706934575664
0.014478309903940872,45.29402519198529
0.014603205396925575,45.131800006253684
0.014728100889910278,44.97038821585253
0.014852996382894982,44.809784316561604
0.014977891875879685,44.64998286163803
0.015102787368864388,44.490978451077574
0.015227682861849091,44.332765721314274
0.015352578354833796,44.17533933551326
0.0154774738478185,44.01869397459684
0.015602369340803203,43.86282432912837
0.015727264833787908,43.70772509216079
0.015852160326772613,43.55339095313711
0.015977055819757315,43.39981659290971
0.01610195131274202,43.24699667992487
0.016226846805726725,43.09492586759756
0.016351742298711426,42.94359879287958
0.01647663779169613,42.79301007600522
0.016601533284680836,42.64315432137766
0.016726428777665538,42.49402611954135
0.01685132427065024,42.34562005016923
0.016976219763634944,42.1979306859784
0.01710111525661965,42.050952597474925
0.01722601074960435,41.90468035841787
0.017350906242589052,41.75910855188481
0.017475801735573757,41.6142317768142
0.017600697228558462,41.47004465489769
0.017725592721543164,41.326541837693206
0.017850488214527865,41.18371801383125
0.01797538370751257,41.04156791619023
0.018100279200497275,40.90008632892113
0.018225174693481977,40.7592680942091
0.018350070186466682,40.6191081186681
0.018474965679451387,40.47960137927376
0.01859986117243609,40.34074292875034
0.018724756665420794,40.20252790033993
0.0188496521584055,40.06495151189303
0.0189745476513902,39.92800906923207
0.019099443144374905,39.79169596875259
0.01922433863735961,39.65600769923846
0.01934923413034431,39.52093984288006
0.019474129623329017,39.38648807549574
0.01959902511631372,39.252648165968736
0.019723920609298423,39.11941597492199
0.019848816102283125,38.986787452663236
0.01997371159526783,38.85475863644247
0.020098607088252535,38.72332564707185
0.020223502581237236,38.59248468496544
0.020348398074221938,38.46223202566321
0.020473293567206643,38.332564014909586
0.020598189060191348,38.2034770633599
0.02072308455317605,38.07496764099356
0.02084798004616075,37.94703227131388
0.020972875539145456,37.81966752541618
0.02109777103213016,37.6928700160063
0.021222666525114862,37.56663639145045
0.021347562018099564,37.440963329935386
0.02147245751108427,37.315847533814775
0.021597353004068974,37.1912857242141
0.021722248497053676,37.067274635959805
0.021847143990038377,36.943811012894294
0.021972039483023082,36.82089160362983
0.022096934976007787,36.69851315778766
0.02222183046899249,36.576672422759955
0.02234672596197719,36.455366141023944
0.022471621454961895,36.334591048027995
0.0225965169479466,36.21434387066052
0.022721412440931302,36.094621326303624
0.022846307933916003,35.97542012246398
0.02297120342690071,35.85673695696495
0.023096098919885413,35.73856851867629
0.023220994412870115,35.62091148874947
0.02334588990585482,35.50376254232067
0.023470785398839525,35.38711835063775
0.023595680891824226,35.270975583561814
0.02372057638480893,35.15533091239121
0.023845471877793636,35.04018101295295
0.023970367370778338,34.92552256890384
0.024095262863763043,34.81135227518429
0.024220158356747748,34.69766684156777
0.02434505384973245,34.584462996249215
0.024469949342717155,34.47173748941954
0.02459484483570186,34.35948709677439
0.02471974032868656,34.247708622910714
0.024844635821671263,34.136398904566605
0.024969531314655968,34.02555481366607
0.025094426807640673,33.915173260134175
0.025219322300625374,33.805251194452545
0.025344217793610076,33.69578560993061
0.02546911328659478,33.586773544672795
0.025594008779579486,33.478212083225905
0.025718904272564187,33.37009835789624
0.02584379976554889,33.262429549729795
0.025968695258533594,33.15520288915326
0.0260935907515183,33.04841565627689
0.026218486244503,32.94206518086458
0.026343381737487705,32.83614884197877
0.02646827723047241,32.730664067311636
0.026593172723457112,32.62560833221647
0.026718068216441817,32.52097915845522
0.026842963709426522,32.416774112681495
0.026967859202411223,32.31299080467937
0.02709275469539593,32.20962688538115
0.027217650188380633,32.10668004468823
0.027342545681365335,32.00414800912182
0.02746744117435004,31.902028539330228
0.027592336667334745,31.800319427482265
0.027717232160319447,31.699018494575817
0.027842127653304148,31.598123587692342
0.027967023146288853,31.497632577227918
0.028091918639273558,31.397543354131912
0.02821681413225826,31.297853827183843
0.02834170962524296,31.19856192033841
0.028466605118227666,31.099665570168213
0.02859150061121237,31.001162723431463
0.028716396104197073,30.903051334790675
0.028841291597181774,30.80532936470629
0.02896618709016648,30.707994777526437
0.029091082583151184,30.611045539790872
0.029215978076135886,30.514479618764394
0.029340873569120587,30.41829498121174
0.029465769062105292,30.322489592421405
0.029590664555089997,30.227061415483348
0.0297155600480747,30.132008410820823
0.0298404555410594,30.037328535973383
0.029965351034044106,29.943019745624074
0.03009024652702881,29.84907999186098
0.030215142020013512,29.75550722465948
0.030340037512998214,29.662299392569178
0.03046493300598292,29.56945444358697
0.030589828498967624,29.476970326195417
0.030714723991952325,29.384844990544313
0.030839619484937027,29.293076389752244
0.030964514977921728,29.201662481303817
0.03108941047090643,29.110601228518842
0.031214305963891135,29.019890602069392
